;Sostenibilit�;;;
;Costiti tot;costi anno;;
 Primo rango                                                       ;#RIF!;#RIF!;;
Secondo rango;#RIF!;#RIF!;;
Ammortamen.;#RIF!;#RIF!;;
Manutenzione;#RIF!;#RIF!;;
Costi annui;;#RIF!;;
percentuale ;;#RIF!;;
Stipe. Lordo;;CHF 0.00;;
;costo casa;ipoteca tot;;
;#RIF!;#RIF!;;
;;;;
;;;;
;;;;
;;;;
;;;;
;;;;
;;;;
;;;;
;;;;
;;;;
;;;;
;;;;
;;;;
;;;;
;;;;
;;;;
;;;;
;;;;
;;;;
;;;;
;;;;
;;;;
;;;;
;;;;
;;;;
;;;;
;;;;
;;;;
;;;;
